{"cameraMode":{"drawMode":0,"name":"Shaded","section":"Shading Mode"},"sceneLighting":true,"audioPlay":false,"sceneViewState":{"showFog":true,"showMaterialUpdate":false,"showSkybox":true,"showFlares":true,"showImageEffects":true,"showParticleSystems":true},"in2DMode":false,"pivot":{"x":-44.349945068359378,"y":-39.15418243408203,"z":-64.92320251464844},"rotation":{"x":0.07281538844108582,"y":-0.9252389669418335,"z":0.23024742305278779,"w":0.29260510206222536},"size":195.94082641601563,"orthographic":false}