{"cameraMode":{"drawMode":0,"name":"Shaded","section":"Shading Mode"},"sceneLighting":false,"audioPlay":false,"sceneViewState":{"showFog":true,"showMaterialUpdate":false,"showSkybox":true,"showFlares":true,"showImageEffects":true,"showParticleSystems":true},"in2DMode":false,"pivot":{"x":1.9747318029403687,"y":0.13719730079174043,"z":-5.922079086303711},"rotation":{"x":0.11709213256835938,"y":-0.5501514077186585,"z":0.07826555520296097,"w":0.8231078386306763},"size":15.014735221862793,"orthographic":false}