{"cameraMode":{"drawMode":0,"name":"Shaded","section":"Shading Mode"},"sceneLighting":false,"audioPlay":false,"sceneViewState":{"showFog":true,"showMaterialUpdate":false,"showSkybox":true,"showFlares":true,"showImageEffects":true,"showParticleSystems":true},"in2DMode":false,"pivot":{"x":11.089818000793457,"y":173.2048797607422,"z":-258.1361999511719},"rotation":{"x":0.08717384189367295,"y":0.02390371449291706,"z":-0.0020943954586982729,"w":0.9959107637405396},"size":755.9258422851563,"orthographic":false}