{"cameraMode":{"drawMode":0,"name":"Shaded","section":"Shading Mode"},"sceneLighting":true,"audioPlay":false,"sceneViewState":{"showFog":true,"showMaterialUpdate":false,"showSkybox":true,"showFlares":true,"showImageEffects":true,"showParticleSystems":true},"in2DMode":false,"pivot":{"x":-9.683785438537598,"y":2.7137868404388429,"z":1.3552535772323609},"rotation":{"x":-0.1658758819103241,"y":-0.6006113290786743,"z":0.12917359173297883,"w":-0.7714555263519287},"size":105.09449005126953,"orthographic":false}