{"cameraMode":{"drawMode":0,"name":"Shaded","section":"Shading Mode"},"sceneLighting":true,"audioPlay":false,"sceneViewState":{"showFog":true,"showMaterialUpdate":false,"showSkybox":true,"showFlares":true,"showImageEffects":true,"showParticleSystems":true},"in2DMode":false,"pivot":{"x":91.66636657714844,"y":-20.76881217956543,"z":134.29566955566407},"rotation":{"x":0.11970049887895584,"y":0.2640940248966217,"z":-0.033049020916223529,"w":0.9564765691757202},"size":104.09297180175781,"orthographic":false}