{"cameraMode":{"drawMode":0,"name":"Shaded","section":"Shading Mode"},"sceneLighting":false,"audioPlay":false,"sceneViewState":{"showFog":true,"showMaterialUpdate":false,"showSkybox":false,"showFlares":true,"showImageEffects":true,"showParticleSystems":true},"in2DMode":false,"pivot":{"x":7.3252668380737309,"y":3.2529208660125734,"z":10.227437973022461},"rotation":{"x":-0.01141552347689867,"y":0.8445056080818176,"z":-0.017994843423366548,"w":-0.5352118015289307},"size":-2.2875304222106935,"orthographic":false}