{"cameraMode":{"drawMode":0,"name":"Shaded","section":"Shading Mode"},"sceneLighting":true,"audioPlay":false,"sceneViewState":{"showFog":true,"showMaterialUpdate":false,"showSkybox":true,"showFlares":true,"showImageEffects":true,"showParticleSystems":true},"in2DMode":false,"pivot":{"x":-13.181350708007813,"y":7.474017143249512,"z":12.746788024902344},"rotation":{"x":0.1454245150089264,"y":0.7828799486160278,"z":-0.19932769238948823,"w":0.5711755156517029},"size":77.85082244873047,"orthographic":false}