{"cameraMode":{"drawMode":0,"name":"Shaded","section":"Shading Mode"},"sceneLighting":false,"audioPlay":false,"sceneViewState":{"showFog":true,"showMaterialUpdate":false,"showSkybox":true,"showFlares":true,"showImageEffects":true,"showParticleSystems":true},"in2DMode":false,"pivot":{"x":7.098942756652832,"y":-3.1656436920166017,"z":-15.035538673400879},"rotation":{"x":0.1823008954524994,"y":0.7963563203811646,"z":-0.2918754518032074,"w":0.49739259481430056},"size":23.53216552734375,"orthographic":false}