{"cameraMode":{"drawMode":0,"name":"Shaded","section":"Shading Mode"},"sceneLighting":false,"audioPlay":false,"sceneViewState":{"showFog":true,"showMaterialUpdate":false,"showSkybox":true,"showFlares":true,"showImageEffects":true,"showParticleSystems":true},"in2DMode":false,"pivot":{"x":11.089818000793457,"y":173.2048797607422,"z":-258.1361999511719},"rotation":{"x":0.11257092654705048,"y":-0.0000027814583063445754,"z":-0.0000017720914229357732,"w":0.9936504364013672},"size":20.466522216796876,"orthographic":false}