{"cameraMode":{"drawMode":0,"name":"Shaded","section":"Shading Mode"},"sceneLighting":false,"audioPlay":false,"sceneViewState":{"showFog":true,"showMaterialUpdate":false,"showSkybox":false,"showFlares":true,"showImageEffects":true,"showParticleSystems":true},"in2DMode":false,"pivot":{"x":1.0023019313812256,"y":1.265011191368103,"z":-0.23139187693595887},"rotation":{"x":0.16079047322273255,"y":-0.09871076047420502,"z":0.0161582063883543,"w":0.9819197058677673},"size":1.458123803138733,"orthographic":true}