{"cameraMode":{"drawMode":0,"name":"Shaded","section":"Shading Mode"},"sceneLighting":true,"audioPlay":false,"sceneViewState":{"showFog":true,"showMaterialUpdate":false,"showSkybox":true,"showFlares":true,"showImageEffects":true,"showParticleSystems":true},"in2DMode":false,"pivot":{"x":55.42255401611328,"y":-87.91150665283203,"z":-79.5133056640625},"rotation":{"x":0.1391856074333191,"y":0.8591119050979614,"z":-0.37627196311950686,"w":0.31779900193214419},"size":235.601318359375,"orthographic":false}