{"cameraMode":{"drawMode":0,"name":"Shaded","section":"Shading Mode"},"sceneLighting":false,"audioPlay":false,"sceneViewState":{"showFog":true,"showMaterialUpdate":false,"showSkybox":true,"showFlares":true,"showImageEffects":true,"showParticleSystems":true},"in2DMode":false,"pivot":{"x":-2.3200008869171144,"y":4.400000095367432,"z":10.0},"rotation":{"x":0.15405763685703278,"y":0.8387529253959656,"z":-0.3045629858970642,"w":0.4242670238018036},"size":22.329999923706056,"orthographic":false}