{"cameraMode":{"drawMode":0,"name":"Shaded","section":"Shading Mode"},"sceneLighting":true,"audioPlay":false,"sceneViewState":{"showFog":true,"showMaterialUpdate":false,"showSkybox":true,"showFlares":true,"showImageEffects":true,"showParticleSystems":true},"in2DMode":false,"pivot":{"x":-1.6923494338989258,"y":0.8203980922698975,"z":-14.669586181640625},"rotation":{"x":0.14091230928897859,"y":-0.7471050024032593,"z":0.16768436133861543,"w":0.6276469230651856},"size":11.92768383026123,"orthographic":false}