{"cameraMode":{"drawMode":0,"name":"Shaded","section":"Shading Mode"},"sceneLighting":false,"audioPlay":false,"sceneViewState":{"showFog":true,"showMaterialUpdate":false,"showSkybox":false,"showFlares":true,"showImageEffects":true,"showParticleSystems":true},"in2DMode":false,"pivot":{"x":3.153437376022339,"y":-1.6754604578018189,"z":-4.47686767578125},"rotation":{"x":0.01707928627729416,"y":0.9774170517921448,"z":-0.19184064865112306,"w":0.08702220022678375},"size":8.536609649658204,"orthographic":false}