{"cameraMode":{"drawMode":0,"name":"Shaded","section":"Shading Mode"},"sceneLighting":false,"audioPlay":false,"sceneViewState":{"showFog":true,"showMaterialUpdate":false,"showSkybox":true,"showFlares":true,"showImageEffects":true,"showParticleSystems":true},"in2DMode":false,"pivot":{"x":-0.3797832727432251,"y":0.7360780835151672,"z":-1.4220975637435914},"rotation":{"x":0.08134905993938446,"y":-0.1807531863451004,"z":0.014984258450567723,"w":0.9800671339035034},"size":14.512948036193848,"orthographic":true}