{"cameraMode":{"drawMode":0,"name":"Shaded","section":"Shading Mode"},"sceneLighting":false,"audioPlay":false,"sceneViewState":{"showFog":true,"showMaterialUpdate":false,"showSkybox":true,"showFlares":true,"showImageEffects":true,"showParticleSystems":true},"in2DMode":false,"pivot":{"x":-2.1119754314422609,"y":-6.401459693908691,"z":-2.0607995986938478},"rotation":{"x":-0.21025630831718446,"y":0.7626962065696716,"z":-0.5322797894477844,"w":-0.3012741208076477},"size":30.82281494140625,"orthographic":false}